OrderNumber,OrderAmount,Id,Name,Surname,PhoneNumber,Email,Age,Address,PassportDetails,BirthDate,Bonus
6,900,0022c357-14b7-f753-5d72-43b2e4f19aa1,Lilyan,Oberbrunner,1-956-504-3312 x218,Carrie_Barton67@yahoo.com,29,"29322 Kamryn Lakes, Tatyanafurt, New Zealand",Nobis pariatur.,07/11/1995 16:20:21,473.352823285815000
1,600,00346fd3-d2c5-f79c-301c-66e13484872d,Harvey,Collier,1-684-575-5666,Mollie_Gibson@hotmail.com,39,"03273 Bernice Expressway, Abigailland, Latvia",Aut nihil.,08/16/1985 05:20:16,349.710389331872000
1,900,003ecc57-5d29-d1f2-2027-f9ff204aa5e1,Hertha,Kuhic,(658) 530-7062,Stanton_Quitzon@gmail.com,97,"300 Abshire Corners, New Houstonside, Greenland",Et expedita.,04/23/1927 18:12:55,276.650467521186000
1,600.0,005d8660-a5d4-5202-adbe-7c15ccb4392f,Lucile,McCullough,523.978.1403 x867,Lexi_OHara41@gmail.com,63,"04526 Rowe Prairie, Port Lylahaven, Finland",Quis totam.,05/12/1961 11:45:48,575.881299924279000
1,600,006725a2-11f0-0cca-be4d-6716a933c7a6,Sydnie,Torp,472-813-7976 x950,Emil.Bauch@hotmail.com,36,"941 Dannie Lake, New Elva, Bolivia",Porro numquam.,10/19/1988 14:48:25,916.723937487156000
893,700.0,006f0731-b0b8-6c57-6d5d-38ae17cabe91,Edward,Klocko,827-864-4397,Ryan21@hotmail.com,56,"41631 Anderson Prairie, Elenortown, Suriname",Voluptas suscipit.,08/26/1968 04:18:55,815.551355020622
792,500.0,0094282e-8e13-2852-9d3b-948b3d450a41,Brody,Zboncak,770-982-4629 x25186,Martin_Murphy57@hotmail.com,95,"890 Bradtke Meadow, Quentinshire, Seychelles",Eius modi.,03/31/1929 17:53:02,323.702634775537
6,800,00a0a13a-34f9-f584-bc06-30ed40793773,Grady,Schaefer,1-271-725-3738 x489,Myrna.Klocko80@yahoo.com,55,"87932 Lafayette Shores, East Brenna, Jamaica",Enim sed.,08/11/1969 20:44:07,824.76076577771000
1,900,00b0c48f-43f9-2e06-b652-cdb21db198e4,Idell,Klocko,(868) 246-3259,Noe.Cremin@hotmail.com,59,"27608 Yessenia Street, Janiyaview, South Georgia a",Saepe totam.,02/26/1965 21:50:42,965.988213110935000
6,1000,00c8bb1c-918f-b8b6-ced0-436faa617026,Gus,Reilly,1-502-703-7918 x527,Kelvin81@gmail.com,54,"33244 Larkin Landing, Gibsontown, Congo",Quia recusandae.,10/20/1970 16:49:58,972.674147843423000
341527892
